uwAmendmentList,uwAmendmentList.AmendmentID,uwAmendmentList.AmendmentNo,uwAmendmentList.AmendmentType,uwAmendmentList.AmendmentKey,uwAmendmentList.BranchID,uwAmendmentList.CoverType,uwAmendmentList.IssueDate
Valency.Models.Console.UnderWriting.uwAmendmentList,7e4aca62-e9bc-4187-8d8c-5aa62ba0a44f,0,ADDITION,02/A/01/00094/12/23,01c58bea-0d3c-4c04-8b14-df867e9d4b6a,Import,"27/12/2023 12:00:00 am"
Valency.Models.Console.UnderWriting.uwAmendmentList,2a374db6-85b4-4dbd-9b3e-3693b474b832,0,GENERAL,02/A/01/00095/12/23,01c58bea-0d3c-4c04-8b14-df867e9d4b6a,Import,"27/12/2023 12:00:00 am"
Valency.Models.Console.UnderWriting.uwAmendmentList,4a745270-6466-441e-b4a4-a3c865a7bd32,0,GENERAL,02/A/01/00096/12/23,01c58bea-0d3c-4c04-8b14-df867e9d4b6a,Import,"27/12/2023 12:00:00 am"
Valency.Models.Console.UnderWriting.uwAmendmentList,9852cbc2-ea8a-4a38-9389-6bacb10c3e93,0,ADDITION,02/A/01/00093/12/23,01c58bea-0d3c-4c04-8b14-df867e9d4b6a,Import,"26/12/2023 12:00:00 am"
Valency.Models.Console.UnderWriting.uwAmendmentList,482e7bc5-1e08-46bc-a3b6-262d6ec6264b,0,REFUND,01/A/01/00046/12/23,0c1a4a9d-438b-4960-9d8e-711e6020d29f,"Import - Group","30/12/2023 12:00:00 am"
Valency.Models.Console.UnderWriting.uwAmendmentList,5f6f3d5e-b6d1-4b38-b009-1628423706cc,0,GENERAL,01/A/01/00045/12/23,0c1a4a9d-438b-4960-9d8e-711e6020d29f,"Import - Group","18/12/2023 12:00:00 am"
Valency.Models.Console.UnderWriting.uwAmendmentList,118fbc8b-dc6e-4836-9115-fdf584e482ef,0,REFUND,01/A/01/00047/12/23,0c1a4a9d-438b-4960-9d8e-711e6020d29f,"Import - Group","30/12/2023 12:00:00 am"
Valency.Models.Console.UnderWriting.uwAmendmentList,12ac9ba9-c660-4283-982e-55f914f7909c,0,GENERAL,03/A/01/00089/12/23,93434ea8-156e-4ad8-a4b5-3c8b37c13853,Import,"30/12/2023 12:00:00 am"
Valency.Models.Console.UnderWriting.uwAmendmentList,fd8c0c90-f0de-4c25-86f7-9d434890c415,0,ADDITION,06/A/01/00004/05/23,2e3d53a0-959d-493a-b91b-7273fe2bcb5a,Import,"09/05/2023 12:00:00 am"
Valency.Models.Console.UnderWriting.uwAmendmentList,d211a1bd-19ba-4df5-a976-241d01d82b5e,0,REFUND,06/A/01/00006/12/23,2e3d53a0-959d-493a-b91b-7273fe2bcb5a,Import,"27/12/2023 12:00:00 am"
Valency.Models.Console.UnderWriting.uwAmendmentList,f53c4567-2dde-4ff7-855a-55903f139e09,0,ADDITION,03/A/01/00020/03/23,93434ea8-156e-4ad8-a4b5-3c8b37c13853,Import,"14/03/2023 12:00:00 am"
Valency.Models.Console.UnderWriting.uwAmendmentList,ce86a5b6-f709-4b1a-8ce8-e37a2876c5cb,0,GENERAL,03/A/01/00077/09/23,93434ea8-156e-4ad8-a4b5-3c8b37c13853,Import,"14/09/2023 12:00:00 am"
Valency.Models.Console.UnderWriting.uwAmendmentList,a8a58406-482e-40ab-9a55-27bab004d848,0,REFUND,22/A/01/00044/12/23,52411634-c3e6-42b6-8769-e453a0f70850,Import,"29/12/2023 12:00:00 am"
Valency.Models.Console.UnderWriting.uwAmendmentList,9cdddf00-299d-4d03-b866-cfa514472a9f,0,REFUND,22/A/01/00043/12/23,52411634-c3e6-42b6-8769-e453a0f70850,Import,"29/12/2023 12:00:00 am"
Valency.Models.Console.UnderWriting.uwAmendmentList,c491aa05-e248-4d0d-81b7-483bb6cafd59,0,ADDITION,22/A/01/00028/09/23,52411634-c3e6-42b6-8769-e453a0f70850,Import,"04/09/2023 12:00:00 am"
Valency.Models.Console.UnderWriting.uwAmendmentList,081b6987-1662-45f0-a78e-935df686d9d2,0,REFUND,22/A/01/00034/10/23,52411634-c3e6-42b6-8769-e453a0f70850,Import,"13/10/2023 12:00:00 am"
Valency.Models.Console.UnderWriting.uwAmendmentList,a7aad8cc-32f0-4a07-8493-a82aee7ddf37,0,REFUND,22/A/01/00037/10/23,52411634-c3e6-42b6-8769-e453a0f70850,Import,"28/10/2023 12:00:00 am"
Valency.Models.Console.UnderWriting.uwAmendmentList,7d53935a-cfb5-447b-aadf-3b2edcc6bc2d,0,REFUND,22/A/01/00038/10/23,52411634-c3e6-42b6-8769-e453a0f70850,Import,"30/10/2023 12:00:00 am"
Valency.Models.Console.UnderWriting.uwAmendmentList,69189692-5ccb-475c-9a6f-f117d697dfea,0,REFUND,22/A/01/00039/11/23,52411634-c3e6-42b6-8769-e453a0f70850,Import,"23/11/2023 12:00:00 am"
Valency.Models.Console.UnderWriting.uwAmendmentList,d04ad4fe-f6f8-4ec2-acc5-74e306ac4bb7,0,ADDITION,22/A/01/00041/12/23,52411634-c3e6-42b6-8769-e453a0f70850,Import,"04/12/2023 12:00:00 am"
Valency.Models.Console.UnderWriting.uwAmendmentList,881b2309-46b3-4062-82f9-3eaecb35a0c8,0,REFUND,22/A/01/00042/12/23,52411634-c3e6-42b6-8769-e453a0f70850,Import,"07/12/2023 12:00:00 am"
Valency.Models.Console.UnderWriting.uwAmendmentList,14379c82-6be4-4f96-8d35-ce0780258fe0,0,ADDITION,02/A/01/00089/12/23,01c58bea-0d3c-4c04-8b14-df867e9d4b6a,Import,"19/12/2023 12:00:00 am"
Valency.Models.Console.UnderWriting.uwAmendmentList,b3001c19-7ddb-4abc-a818-06e676db7116,0,ADDITION,02/A/01/00088/12/23,01c58bea-0d3c-4c04-8b14-df867e9d4b6a,Import,"19/12/2023 12:00:00 am"
Valency.Models.Console.UnderWriting.uwAmendmentList,fba63cf6-367e-4081-bcbc-8f5e5a901759,0,ADDITION,02/A/01/00092/12/23,01c58bea-0d3c-4c04-8b14-df867e9d4b6a,Import,"22/12/2023 12:00:00 am"
Valency.Models.Console.UnderWriting.uwAmendmentList,198098e3-0f3a-42c0-897e-dd23d11e7fec,0,ADDITION,02/A/01/00090/12/23,01c58bea-0d3c-4c04-8b14-df867e9d4b6a,Import,"21/12/2023 12:00:00 am"
Valency.Models.Console.UnderWriting.uwAmendmentList,16f55e76-eede-4985-8e66-59b0531fb589,0,ADDITION,02/A/01/00091/12/23,01c58bea-0d3c-4c04-8b14-df867e9d4b6a,Import,"21/12/2023 12:00:00 am"
Valency.Models.Console.UnderWriting.uwAmendmentList,1c7f07da-03d6-4db4-8c22-d017c255d98d,0,REFUND,20/A/01/00051/12/23,6624597f-5836-4f92-8c7e-0345c3c515e9,Import,"22/12/2023 12:00:00 am"
Valency.Models.Console.UnderWriting.uwAmendmentList,28d80d4a-42df-4831-adb0-f0985deb1f35,0,REFUND,20/A/01/00049/11/23,6624597f-5836-4f92-8c7e-0345c3c515e9,Import,"24/11/2023 12:00:00 am"
Valency.Models.Console.UnderWriting.uwAmendmentList,4b7e37f5-a3e7-4e15-a506-84d491a83040,0,REFUND,20/A/01/00050/12/23,6624597f-5836-4f92-8c7e-0345c3c515e9,Import,"22/12/2023 12:00:00 am"
Valency.Models.Console.UnderWriting.uwAmendmentList,a6ac5a9f-a025-4557-b571-be625e9bdb2e,0,GENERAL,02/A/01/00085/12/23,01c58bea-0d3c-4c04-8b14-df867e9d4b6a,Import,"06/12/2023 12:00:00 am"
Valency.Models.Console.UnderWriting.uwAmendmentList,84baaa22-9f0e-45e6-b962-9cc7323ff23a,0,GENERAL,02/A/01/00087/12/23,01c58bea-0d3c-4c04-8b14-df867e9d4b6a,Import,"11/12/2023 12:00:00 am"
Valency.Models.Console.UnderWriting.uwAmendmentList,3d1175b5-7999-476e-9088-14a9df843d6f,0,GENERAL,06/A/01/00005/12/23,2e3d53a0-959d-493a-b91b-7273fe2bcb5a,Import,"13/12/2023 12:00:00 am"
Valency.Models.Console.UnderWriting.uwAmendmentList,8756db1a-32b3-41d5-81c8-7a9a3b836e2c,0,GENERAL,16/A/01/00012/12/23,2429ead8-d406-4e4f-b573-b466200399e1,"In Land","13/12/2023 12:00:00 am"
Valency.Models.Console.UnderWriting.uwAmendmentList,d05ea3f9-e121-4174-99f1-035bd45b6e13,0,ADDITION,02/A/01/00084/12/23,01c58bea-0d3c-4c04-8b14-df867e9d4b6a,Import,"05/12/2023 12:00:00 am"
Valency.Models.Console.UnderWriting.uwAmendmentList,abfee518-888f-43df-aef0-b0bfe299400d,0,GENERAL,02/A/01/00086/12/23,01c58bea-0d3c-4c04-8b14-df867e9d4b6a,Import,"07/12/2023 12:00:00 am"
Valency.Models.Console.UnderWriting.uwAmendmentList,766865ef-dff8-4b99-bd8b-eaebf1deb6ce,0,REFUND,03/A/01/00088/12/23,93434ea8-156e-4ad8-a4b5-3c8b37c13853,"In Land","08/12/2023 12:00:00 am"
Valency.Models.Console.UnderWriting.uwAmendmentList,d7b577cf-ea7a-4301-8e68-678e020e1970,0,GENERAL,01/A/01/00030/08/23,0c1a4a9d-438b-4960-9d8e-711e6020d29f,"Import - Group","10/08/2023 12:00:00 am"
Valency.Models.Console.UnderWriting.uwAmendmentList,9f9ff68b-8937-4a56-b623-6d47438c9363,0,ADDITION,01/A/01/00042/10/23,0c1a4a9d-438b-4960-9d8e-711e6020d29f,"Import - Group","30/10/2023 12:00:00 am"
Valency.Models.Console.UnderWriting.uwAmendmentList,e1edcbf5-ca06-4f32-9d80-9a0685afb2ba,0,GENERAL,01/A/01/00044/11/23,0c1a4a9d-438b-4960-9d8e-711e6020d29f,"Import - Group","28/11/2023 12:00:00 am"
Valency.Models.Console.UnderWriting.uwAmendmentList,22ce3642-971c-4b57-a004-a3d16a710243,0,GENERAL,02/A/01/00054/08/23,01c58bea-0d3c-4c04-8b14-df867e9d4b6a,Import,"30/08/2023 12:00:00 am"
Valency.Models.Console.UnderWriting.uwAmendmentList,60774ab1-bace-4bc7-aec9-399aab69d3af,0,ADDITION,02/A/01/00076/11/23,01c58bea-0d3c-4c04-8b14-df867e9d4b6a,Import,"16/11/2023 12:00:00 am"
Valency.Models.Console.UnderWriting.uwAmendmentList,3167b026-25fc-410d-8da4-ca220752cd4d,0,GENERAL,02/A/01/00078/11/23,01c58bea-0d3c-4c04-8b14-df867e9d4b6a,Import,"17/11/2023 12:00:00 am"
Valency.Models.Console.UnderWriting.uwAmendmentList,5a1508b5-b1f8-4687-9820-29977858bbf8,0,ADDITION,02/A/01/00079/11/23,01c58bea-0d3c-4c04-8b14-df867e9d4b6a,Import,"20/11/2023 12:00:00 am"
Valency.Models.Console.UnderWriting.uwAmendmentList,402d8a02-399d-41c7-beff-55dcab398b74,0,GENERAL,02/A/01/00080/11/23,01c58bea-0d3c-4c04-8b14-df867e9d4b6a,Import,"22/11/2023 12:00:00 am"
Valency.Models.Console.UnderWriting.uwAmendmentList,d9012d6b-3797-4e06-afda-40e17ed955d0,0,ADDITION,02/A/01/00082/11/23,01c58bea-0d3c-4c04-8b14-df867e9d4b6a,Import,"23/11/2023 12:00:00 am"
Valency.Models.Console.UnderWriting.uwAmendmentList,1ee3cb83-4579-46ac-a0a3-faee4a577ab1,0,ADDITION,02/A/01/00081/11/23,01c58bea-0d3c-4c04-8b14-df867e9d4b6a,Import,"23/11/2023 12:00:00 am"
Valency.Models.Console.UnderWriting.uwAmendmentList,ecf64678-c721-452c-ab4f-6f54ce96e3b2,0,GENERAL,02/A/01/00083/11/23,01c58bea-0d3c-4c04-8b14-df867e9d4b6a,Import,"27/11/2023 12:00:00 am"
Valency.Models.Console.UnderWriting.uwAmendmentList,f6dd4751-566b-4d80-ba6e-db56d5dce62c,0,REFUND,22/A/01/00040/11/23,52411634-c3e6-42b6-8769-e453a0f70850,Import,"23/11/2023 12:00:00 am"
Valency.Models.Console.UnderWriting.uwAmendmentList,cd242284-fda0-44a8-8436-30194781d32e,0,ADDITION,16/A/01/00003/04/23,2429ead8-d406-4e4f-b573-b466200399e1,Import,"14/04/2023 12:00:00 am"
Valency.Models.Console.UnderWriting.uwAmendmentList,25ea256a-c337-4a8f-8772-9db7d3f7a219,0,ADDITION,16/A/01/00005/05/23,2429ead8-d406-4e4f-b573-b466200399e1,"In Land","05/05/2023 12:00:00 am"
Valency.Models.Console.UnderWriting.uwAmendmentList,999f79db-772b-4339-b4bd-1bc2194fda65,0,ADDITION,16/A/01/00006/05/23,2429ead8-d406-4e4f-b573-b466200399e1,Import,"17/05/2023 12:00:00 am"
Valency.Models.Console.UnderWriting.uwAmendmentList,050667f0-3ab2-4694-8a88-d77f0d2933c7,0,ADDITION,16/A/01/00007/06/23,2429ead8-d406-4e4f-b573-b466200399e1,Import,"15/06/2023 12:00:00 am"
Valency.Models.Console.UnderWriting.uwAmendmentList,9ff2d3a6-bbe7-49fa-868c-9b2aace16742,0,GENERAL,16/A/01/00008/07/23,2429ead8-d406-4e4f-b573-b466200399e1,"In Land","17/07/2023 12:00:00 am"
Valency.Models.Console.UnderWriting.uwAmendmentList,5d06707d-01d0-481a-b1d9-d4cefe2ada31,0,ADDITION,16/A/01/00010/10/23,2429ead8-d406-4e4f-b573-b466200399e1,Import,"04/10/2023 12:00:00 am"
Valency.Models.Console.UnderWriting.uwAmendmentList,97c49fc9-f610-42c1-a38c-31fb356b812f,0,GENERAL,16/A/01/00011/10/23,2429ead8-d406-4e4f-b573-b466200399e1,Import,"11/10/2023 12:00:00 am"
Valency.Models.Console.UnderWriting.uwAmendmentList,28d04975-2c5f-41f6-b024-7372e156acc8,0,GENERAL,01/A/01/00040/10/23,0c1a4a9d-438b-4960-9d8e-711e6020d29f,"Import - Group","30/10/2023 12:00:00 am"
Valency.Models.Console.UnderWriting.uwAmendmentList,c0c4e6fe-b30e-4510-9608-e617756aa7db,0,ADDITION,01/A/01/00041/10/23,0c1a4a9d-438b-4960-9d8e-711e6020d29f,"Import - Group","30/10/2023 12:00:00 am"
Valency.Models.Console.UnderWriting.uwAmendmentList,d60ff148-94dc-4e7c-be24-d43d0300ba0f,0,GENERAL,01/A/01/00039/10/23,0c1a4a9d-438b-4960-9d8e-711e6020d29f,"Import - Group","30/10/2023 12:00:00 am"
Valency.Models.Console.UnderWriting.uwAmendmentList,92fbed26-2b0a-4968-8e67-7eee9ab3cdaf,0,GENERAL,01/A/01/00043/11/23,0c1a4a9d-438b-4960-9d8e-711e6020d29f,"Import - Group","01/11/2023 12:00:00 am"
Valency.Models.Console.UnderWriting.uwAmendmentList,cc0c9219-62d0-4f64-a69b-48b125b112c0,0,GENERAL,21/A/01/00009/11/23,21ac3f25-74e5-458e-a354-de39aac74aa6,Import,"21/11/2023 12:00:00 am"
Valency.Models.Console.UnderWriting.uwAmendmentList,2f4a68f7-b7a8-4f29-9f3b-6845f4888c4c,0,GENERAL,20/A/01/00042/10/23,6624597f-5836-4f92-8c7e-0345c3c515e9,Import,"13/10/2023 12:00:00 am"
Valency.Models.Console.UnderWriting.uwAmendmentList,3d9d954c-4628-4279-9f6c-5080934bf39e,0,REFUND,20/A/01/00045/10/23,6624597f-5836-4f92-8c7e-0345c3c515e9,Import,"24/10/2023 12:00:00 am"
Valency.Models.Console.UnderWriting.uwAmendmentList,061f8a4d-b22d-473b-b417-0d578711657e,0,REFUND,20/A/01/00047/10/23,6624597f-5836-4f92-8c7e-0345c3c515e9,Import,"24/10/2023 12:00:00 am"
Valency.Models.Console.UnderWriting.uwAmendmentList,e3a0c291-e39d-43f1-9721-55b7dbe2e1d3,0,REFUND,20/A/01/00046/10/23,6624597f-5836-4f92-8c7e-0345c3c515e9,Import,"24/10/2023 12:00:00 am"
Valency.Models.Console.UnderWriting.uwAmendmentList,3b95231c-4569-4898-84b9-debd78880a05,0,REFUND,20/A/01/00044/10/23,6624597f-5836-4f92-8c7e-0345c3c515e9,Import,"24/10/2023 12:00:00 am"
Valency.Models.Console.UnderWriting.uwAmendmentList,068d7754-6125-407c-b040-e2daa1d42c3a,0,ADDITION,20/A/01/00048/11/23,6624597f-5836-4f92-8c7e-0345c3c515e9,Import,"06/11/2023 12:00:00 am"
Valency.Models.Console.UnderWriting.uwAmendmentList,299cb438-2563-4a85-b4f2-9e3b57a49629,0,ADDITION,02/A/01/00074/11/23,01c58bea-0d3c-4c04-8b14-df867e9d4b6a,Import,"14/11/2023 12:00:00 am"
Valency.Models.Console.UnderWriting.uwAmendmentList,81c4b96b-3098-455b-b408-b0525bce32b7,0,ADDITION,02/A/01/00075/11/23,01c58bea-0d3c-4c04-8b14-df867e9d4b6a,Import,"15/11/2023 12:00:00 am"
Valency.Models.Console.UnderWriting.uwAmendmentList,a711ce56-fbea-4408-bd10-0f6ec0cb9592,0,ADDITION,02/A/01/00077/11/23,01c58bea-0d3c-4c04-8b14-df867e9d4b6a,Import,"16/11/2023 12:00:00 am"
Valency.Models.Console.UnderWriting.uwAmendmentList,b60a14b2-c514-47f4-9945-8fafd501bb89,0,GENERAL,03/A/01/00074/09/23,93434ea8-156e-4ad8-a4b5-3c8b37c13853,Import,"04/09/2023 12:00:00 am"
Valency.Models.Console.UnderWriting.uwAmendmentList,800034ca-d257-404e-aa78-0051f4cb2c7c,0,GENERAL,03/A/01/00070/08/23,93434ea8-156e-4ad8-a4b5-3c8b37c13853,Import,"31/08/2023 12:00:00 am"
Valency.Models.Console.UnderWriting.uwAmendmentList,76b2d098-113c-4929-90e1-33f36e863680,0,GENERAL,03/A/01/00056/08/23,93434ea8-156e-4ad8-a4b5-3c8b37c13853,Import,"03/08/2023 12:00:00 am"
Valency.Models.Console.UnderWriting.uwAmendmentList,5656a6f5-bae4-4b34-9f92-3c74f02a7367,0,GENERAL,03/A/01/00075/09/23,93434ea8-156e-4ad8-a4b5-3c8b37c13853,Import,"08/09/2023 12:00:00 am"
Valency.Models.Console.UnderWriting.uwAmendmentList,957d5e85-46f3-40da-a261-5848dead6320,0,GENERAL,03/A/01/00076/09/23,93434ea8-156e-4ad8-a4b5-3c8b37c13853,Import,"14/09/2023 12:00:00 am"
Valency.Models.Console.UnderWriting.uwAmendmentList,509a0a34-d007-43ea-98ed-8b2f0cdf123b,0,GENERAL,03/A/01/00078/09/23,93434ea8-156e-4ad8-a4b5-3c8b37c13853,Import,"20/09/2023 12:00:00 am"
Valency.Models.Console.UnderWriting.uwAmendmentList,86fa5766-087d-4255-886a-c4a53d68ac88,0,GENERAL,03/A/01/00080/09/23,93434ea8-156e-4ad8-a4b5-3c8b37c13853,Import,"26/09/2023 12:00:00 am"
Valency.Models.Console.UnderWriting.uwAmendmentList,3e03e965-1598-4cc0-ba63-bc6da6cd4712,0,GENERAL,03/A/01/00081/09/23,93434ea8-156e-4ad8-a4b5-3c8b37c13853,Import,"28/09/2023 12:00:00 am"
Valency.Models.Console.UnderWriting.uwAmendmentList,977fc2fa-f644-43da-a855-380aacff44f5,0,GENERAL,03/A/01/00082/10/23,93434ea8-156e-4ad8-a4b5-3c8b37c13853,Import,"02/10/2023 12:00:00 am"
Valency.Models.Console.UnderWriting.uwAmendmentList,48a26c67-8231-4a0e-a528-9238baa5d0b4,0,GENERAL,03/A/01/00083/10/23,93434ea8-156e-4ad8-a4b5-3c8b37c13853,Import,"23/10/2023 12:00:00 am"
Valency.Models.Console.UnderWriting.uwAmendmentList,6e5907bd-ab27-4c2e-911f-cc486b22f8cd,0,ADDITION,03/A/01/00084/10/23,93434ea8-156e-4ad8-a4b5-3c8b37c13853,Import,"31/10/2023 12:00:00 am"
Valency.Models.Console.UnderWriting.uwAmendmentList,a3d4cb19-92e3-47be-a4ee-769566ff8874,0,ADDITION,03/A/01/00086/11/23,93434ea8-156e-4ad8-a4b5-3c8b37c13853,Import,"01/11/2023 12:00:00 am"
Valency.Models.Console.UnderWriting.uwAmendmentList,999d137c-507c-4570-9200-1719b5b3aa2f,0,ADDITION,03/A/01/00085/11/23,93434ea8-156e-4ad8-a4b5-3c8b37c13853,Import,"01/11/2023 12:00:00 am"
Valency.Models.Console.UnderWriting.uwAmendmentList,7f669304-e00f-45df-8493-2b93501a76cb,0,ADDITION,03/A/01/00087/11/23,93434ea8-156e-4ad8-a4b5-3c8b37c13853,Import,"06/11/2023 12:00:00 am"
Valency.Models.Console.UnderWriting.uwAmendmentList,94ebc9da-7c00-4653-a976-2f898d7158f2,0,GENERAL,02/A/01/00067/10/23,01c58bea-0d3c-4c04-8b14-df867e9d4b6a,Import,"18/10/2023 12:00:00 am"
Valency.Models.Console.UnderWriting.uwAmendmentList,b2c7a4e0-61e2-47e7-840d-1b03589f2396,0,GENERAL,02/A/01/00068/10/23,01c58bea-0d3c-4c04-8b14-df867e9d4b6a,Import,"27/10/2023 12:00:00 am"
Valency.Models.Console.UnderWriting.uwAmendmentList,ed81fb73-a97a-4afe-94e2-130331e10922,0,ADDITION,02/A/01/00069/11/23,01c58bea-0d3c-4c04-8b14-df867e9d4b6a,Import,"03/11/2023 12:00:00 am"
Valency.Models.Console.UnderWriting.uwAmendmentList,644a6ec0-2cd0-44d3-a0cf-90bca911ac1f,0,ADDITION,02/A/01/00071/11/23,01c58bea-0d3c-4c04-8b14-df867e9d4b6a,Import,"06/11/2023 12:00:00 am"
Valency.Models.Console.UnderWriting.uwAmendmentList,b87c8438-3b04-4962-a0b1-122ec4dd49e9,0,ADDITION,02/A/01/00072/11/23,01c58bea-0d3c-4c04-8b14-df867e9d4b6a,Import,"06/11/2023 12:00:00 am"
Valency.Models.Console.UnderWriting.uwAmendmentList,3f0231ac-d981-4104-93ca-bd41400f5b52,0,ADDITION,02/A/01/00070/11/23,01c58bea-0d3c-4c04-8b14-df867e9d4b6a,Import,"06/11/2023 12:00:00 am"
Valency.Models.Console.UnderWriting.uwAmendmentList,adbbfe2c-1e29-40c6-854d-f2912c20c478,0,GENERAL,02/A/01/00073/11/23,01c58bea-0d3c-4c04-8b14-df867e9d4b6a,Import,"10/11/2023 12:00:00 am"
Valency.Models.Console.UnderWriting.uwAmendmentList,66af677f-dfee-493c-b71b-a6d8914bda0c,0,GENERAL,21/A/01/00008/11/23,21ac3f25-74e5-458e-a354-de39aac74aa6,Import,"13/11/2023 12:00:00 am"
Valency.Models.Console.UnderWriting.uwAmendmentList,33cca478-aa54-4666-8d6f-35714238eebc,0,ADDITION,22/A/01/00036/10/23,52411634-c3e6-42b6-8769-e453a0f70850,Import,"25/10/2023 12:00:00 am"
Valency.Models.Console.UnderWriting.uwAmendmentList,a007bab4-99d1-4b48-b237-bad9e727e3d1,0,REFUND,20/A/01/00043/10/23,6624597f-5836-4f92-8c7e-0345c3c515e9,Import,"24/10/2023 12:00:00 am"
Valency.Models.Console.UnderWriting.uwAmendmentList,2a639c8f-14b2-409a-94e1-8bb85b71e944,0,ADDITION,19/A/01/00007/07/23,e2595018-745b-451f-b7ec-43d2c01f12e0,"AVIATION - Group","31/07/2023 12:00:00 am"
Valency.Models.Console.UnderWriting.uwAmendmentList,8a5ae55e-e34f-4990-9a02-c375a1a717c0,0,REFUND,22/A/01/00014/05/23,52411634-c3e6-42b6-8769-e453a0f70850,Import,"22/05/2023 12:00:00 am"
Valency.Models.Console.UnderWriting.uwAmendmentList,098f7861-5c75-43cf-beee-86548eab8bdd,0,REFUND,22/A/01/00023/07/23,52411634-c3e6-42b6-8769-e453a0f70850,Import,"13/07/2023 12:00:00 am"
Valency.Models.Console.UnderWriting.uwAmendmentList,997b03da-fad9-4fe5-a38f-73865f0b2d62,0,ADDITION,22/A/01/00025/08/23,52411634-c3e6-42b6-8769-e453a0f70850,Import,"10/08/2023 12:00:00 am"
Valency.Models.Console.UnderWriting.uwAmendmentList,008b8c93-a135-4422-b1c4-e921a0d637ed,0,REFUND,22/A/01/00026/08/23,52411634-c3e6-42b6-8769-e453a0f70850,Import,"17/08/2023 12:00:00 am"
Valency.Models.Console.UnderWriting.uwAmendmentList,88640d52-c3d6-497c-88ef-639dbe8e6b3c,0,ADDITION,22/A/01/00027/08/23,52411634-c3e6-42b6-8769-e453a0f70850,Import,"23/08/2023 12:00:00 am"
Valency.Models.Console.UnderWriting.uwAmendmentList,7bc056cc-256a-4544-896c-12a5695a4c11,0,ADDITION,22/A/01/00029/09/23,52411634-c3e6-42b6-8769-e453a0f70850,Import,"04/09/2023 12:00:00 am"
Valency.Models.Console.UnderWriting.uwAmendmentList,b13a45b3-903b-42ae-91aa-3d920d41d23d,0,ADDITION,22/A/01/00030/09/23,52411634-c3e6-42b6-8769-e453a0f70850,Import,"06/09/2023 12:00:00 am"
Valency.Models.Console.UnderWriting.uwAmendmentList,9a0dbed5-8c71-4559-bd4e-d96f8320a434,0,ADDITION,22/A/01/00031/09/23,52411634-c3e6-42b6-8769-e453a0f70850,Import,"20/09/2023 12:00:00 am"
Valency.Models.Console.UnderWriting.uwAmendmentList,126d2ab6-cfca-4757-963d-966f58006359,0,GENERAL,22/A/01/00032/09/23,52411634-c3e6-42b6-8769-e453a0f70850,Import,"26/09/2023 12:00:00 am"
Valency.Models.Console.UnderWriting.uwAmendmentList,7b0d8349-556c-48b1-8632-40ef5c70a8f6,0,REFUND,22/A/01/00033/10/23,52411634-c3e6-42b6-8769-e453a0f70850,Import,"02/10/2023 12:00:00 am"
Valency.Models.Console.UnderWriting.uwAmendmentList,35fec8d9-c1f1-4eb1-88a1-1bbbbd78d401,0,ADDITION,22/A/01/00035/10/23,52411634-c3e6-42b6-8769-e453a0f70850,Import,"23/10/2023 12:00:00 am"
Valency.Models.Console.UnderWriting.uwAmendmentList,fc9ccfad-97fe-485b-b211-a0dd87dac029,0,REFUND,01/A/01/00038/10/23,0c1a4a9d-438b-4960-9d8e-711e6020d29f,Import,"10/10/2023 12:00:00 am"
Valency.Models.Console.UnderWriting.uwAmendmentList,f12da143-1164-460a-a5cb-c6fa3b9b2b2d,0,REFUND,01/A/01/00037/09/23,0c1a4a9d-438b-4960-9d8e-711e6020d29f,"Import - Group","27/09/2023 12:00:00 am"
Valency.Models.Console.UnderWriting.uwAmendmentList,6e90236b-7d37-499b-8b9e-db99d009e431,0,GENERAL,01/A/01/00036/09/23,0c1a4a9d-438b-4960-9d8e-711e6020d29f,"Import - Group","13/09/2023 12:00:00 am"
Valency.Models.Console.UnderWriting.uwAmendmentList,bb33739f-caab-456c-92a6-5744130779e1,0,ADDITION,01/A/01/00035/09/23,0c1a4a9d-438b-4960-9d8e-711e6020d29f,"Import - Group","12/09/2023 12:00:00 am"
Valency.Models.Console.UnderWriting.uwAmendmentList,cdb20c9e-66a7-4608-ab3b-7ae3dd56e8f4,0,GENERAL,01/A/01/00034/09/23,0c1a4a9d-438b-4960-9d8e-711e6020d29f,"Import - Group","06/09/2023 12:00:00 am"
Valency.Models.Console.UnderWriting.uwAmendmentList,8fe9436f-9df4-4292-af20-88ab4235a0d2,0,GENERAL,01/A/01/00033/08/23,0c1a4a9d-438b-4960-9d8e-711e6020d29f,"Import - Group","31/08/2023 12:00:00 am"
Valency.Models.Console.UnderWriting.uwAmendmentList,a9df2b05-5ed6-49ae-b661-4d05188e9101,0,ADDITION,01/A/01/00032/08/23,0c1a4a9d-438b-4960-9d8e-711e6020d29f,"Import - Group","29/08/2023 12:00:00 am"
Valency.Models.Console.UnderWriting.uwAmendmentList,88910d5e-3375-4a50-ab0a-907b8cc54dd9,0,GENERAL,01/A/01/00031/08/23,0c1a4a9d-438b-4960-9d8e-711e6020d29f,"Import - Group","16/08/2023 12:00:00 am"
Valency.Models.Console.UnderWriting.uwAmendmentList,ec1332b2-eecb-4b34-99fd-b9614036ede6,0,ADDITION,02/A/01/00050/08/23,01c58bea-0d3c-4c04-8b14-df867e9d4b6a,Import,"22/08/2023 12:00:00 am"
Valency.Models.Console.UnderWriting.uwAmendmentList,325152f8-3ecf-4cd1-a2b7-995064b19078,0,ADDITION,02/A/01/00051/08/23,01c58bea-0d3c-4c04-8b14-df867e9d4b6a,Import,"28/08/2023 12:00:00 am"
Valency.Models.Console.UnderWriting.uwAmendmentList,0386f803-0573-419a-b0e8-72a0dd31ae15,0,GENERAL,02/A/01/00053/08/23,01c58bea-0d3c-4c04-8b14-df867e9d4b6a,Import,"30/08/2023 12:00:00 am"
Valency.Models.Console.UnderWriting.uwAmendmentList,5d771d41-9164-4c19-9807-af519e145be7,0,GENERAL,02/A/01/00052/08/23,01c58bea-0d3c-4c04-8b14-df867e9d4b6a,Import,"30/08/2023 12:00:00 am"
Valency.Models.Console.UnderWriting.uwAmendmentList,f606cd30-2a1b-4ea4-8f3d-4b7c8907b28b,0,ADDITION,02/A/01/00055/08/23,01c58bea-0d3c-4c04-8b14-df867e9d4b6a,Import,"31/08/2023 12:00:00 am"
Valency.Models.Console.UnderWriting.uwAmendmentList,9a6211f7-fd3a-46a1-a25d-5ac4fc8357c4,0,ADDITION,02/A/01/00056/09/23,01c58bea-0d3c-4c04-8b14-df867e9d4b6a,Import,"05/09/2023 12:00:00 am"
Valency.Models.Console.UnderWriting.uwAmendmentList,e07cfb78-6af5-4ce1-9f47-2289c7c1ecdf,0,REVISED,02/A/01/00057/09/23,01c58bea-0d3c-4c04-8b14-df867e9d4b6a,Import,"06/09/2023 12:00:00 am"
Valency.Models.Console.UnderWriting.uwAmendmentList,a78bb7a1-1e55-48cb-a5a4-89b5150514c6,0,GENERAL,02/A/01/00059/09/23,01c58bea-0d3c-4c04-8b14-df867e9d4b6a,Import,"14/09/2023 12:00:00 am"
Valency.Models.Console.UnderWriting.uwAmendmentList,bfefd508-72e6-40f5-9651-4d7c4a9465d1,0,ADDITION,02/A/01/00058/09/23,01c58bea-0d3c-4c04-8b14-df867e9d4b6a,Import,"14/09/2023 12:00:00 am"
Valency.Models.Console.UnderWriting.uwAmendmentList,d094fcb2-f8ad-457d-8862-aef4f8b17a5d,0,ADDITION,02/A/01/00061/09/23,01c58bea-0d3c-4c04-8b14-df867e9d4b6a,Import,"18/09/2023 12:00:00 am"
Valency.Models.Console.UnderWriting.uwAmendmentList,37f40ca2-b8a9-4176-8809-f7a8239180f3,0,ADDITION,02/A/01/00060/09/23,01c58bea-0d3c-4c04-8b14-df867e9d4b6a,Import,"18/09/2023 12:00:00 am"
Valency.Models.Console.UnderWriting.uwAmendmentList,9332a2b8-39be-4bbb-8a75-3aa96ea24540,0,GENERAL,02/A/01/00062/09/23,01c58bea-0d3c-4c04-8b14-df867e9d4b6a,"In Land","21/09/2023 12:00:00 am"
Valency.Models.Console.UnderWriting.uwAmendmentList,93138df2-86c4-471f-8a53-a960ef703159,0,REVISED,02/A/01/00065/10/23,01c58bea-0d3c-4c04-8b14-df867e9d4b6a,"In Land","03/10/2023 12:00:00 am"
Valency.Models.Console.UnderWriting.uwAmendmentList,af0c1617-d18e-4500-a39d-a1c151971cc3,0,ADDITION,02/A/01/00064/10/23,01c58bea-0d3c-4c04-8b14-df867e9d4b6a,Import,"03/10/2023 12:00:00 am"
Valency.Models.Console.UnderWriting.uwAmendmentList,b885eb90-5745-485e-be1c-ee12440f78a6,0,ADDITION,02/A/01/00063/10/23,01c58bea-0d3c-4c04-8b14-df867e9d4b6a,Import,"03/10/2023 12:00:00 am"
Valency.Models.Console.UnderWriting.uwAmendmentList,53597bec-2182-409d-8c8c-09ccaa09b103,0,ADDITION,02/A/01/00066/10/23,01c58bea-0d3c-4c04-8b14-df867e9d4b6a,Import,"13/10/2023 12:00:00 am"
Valency.Models.Console.UnderWriting.uwAmendmentList,40ef25c7-f5b6-4ffb-a303-893d8475fc3a,0,REFUND,03/A/01/00079/09/23,93434ea8-156e-4ad8-a4b5-3c8b37c13853,Import,"23/09/2023 12:00:00 am"
Valency.Models.Console.UnderWriting.uwAmendmentList,1a1f3e59-8543-4db9-8c73-fdf09f64860a,0,GENERAL,16/A/01/00009/10/23,2429ead8-d406-4e4f-b573-b466200399e1,Import,"04/10/2023 12:00:00 am"
Valency.Models.Console.UnderWriting.uwAmendmentList,93239723-17fd-4daf-a385-6c2627304240,0,REFUND,20/A/01/00029/07/23,6624597f-5836-4f92-8c7e-0345c3c515e9,Import,"21/07/2023 12:00:00 am"
Valency.Models.Console.UnderWriting.uwAmendmentList,03dbb44f-e568-4e7c-acf9-15714eef971f,0,ADDITION,20/A/01/00033/08/23,6624597f-5836-4f92-8c7e-0345c3c515e9,Import,"10/08/2023 12:00:00 am"
Valency.Models.Console.UnderWriting.uwAmendmentList,266bd521-dd16-45c7-9dd2-cfbf78fd1dd8,0,ADDITION,20/A/01/00035/09/23,6624597f-5836-4f92-8c7e-0345c3c515e9,Import,"04/09/2023 12:00:00 am"
Valency.Models.Console.UnderWriting.uwAmendmentList,15ff7a35-67b9-436d-86f2-959216fa78db,0,REFUND,20/A/01/00038/09/23,6624597f-5836-4f92-8c7e-0345c3c515e9,Import,"20/09/2023 12:00:00 am"
Valency.Models.Console.UnderWriting.uwAmendmentList,644fdbaa-45c2-4539-985a-bf72e907288a,0,REFUND,20/A/01/00037/09/23,6624597f-5836-4f92-8c7e-0345c3c515e9,Import,"20/09/2023 12:00:00 am"
Valency.Models.Console.UnderWriting.uwAmendmentList,e4605cd4-3d06-46ff-b1c6-6d4c1baf9066,0,REFUND,20/A/01/00036/09/23,6624597f-5836-4f92-8c7e-0345c3c515e9,Import,"20/09/2023 12:00:00 am"
Valency.Models.Console.UnderWriting.uwAmendmentList,2c922fec-56ec-4b9d-ad30-c520787a4759,0,REFUND,20/A/01/00039/09/23,6624597f-5836-4f92-8c7e-0345c3c515e9,Import,"20/09/2023 12:00:00 am"
Valency.Models.Console.UnderWriting.uwAmendmentList,2b89ae4d-3fb2-4550-a3aa-e64588447989,0,REFUND,20/A/01/00041/09/23,6624597f-5836-4f92-8c7e-0345c3c515e9,Import,"25/09/2023 12:00:00 am"
Valency.Models.Console.UnderWriting.uwAmendmentList,754b18d4-fc80-4729-9061-b803e66779d1,0,REFUND,20/A/01/00040/09/23,6624597f-5836-4f92-8c7e-0345c3c515e9,Import,"25/09/2023 12:00:00 am"
Valency.Models.Console.UnderWriting.uwAmendmentList,fc49d8f3-3c79-401b-bf14-8856f3a8e31c,0,GENERAL,01/A/01/00026/07/23,0c1a4a9d-438b-4960-9d8e-711e6020d29f,"Import - Group","05/07/2023 12:00:00 am"
Valency.Models.Console.UnderWriting.uwAmendmentList,d3b5f77d-37bc-4e42-aa8a-f6c98866cb1f,0,ADDITION,03/A/01/00068/08/23,93434ea8-156e-4ad8-a4b5-3c8b37c13853,Import,"25/08/2023 12:00:00 am"
Valency.Models.Console.UnderWriting.uwAmendmentList,21394929-dcdf-4ef4-891d-a7e302c6a074,0,GENERAL,03/A/01/00069/08/23,93434ea8-156e-4ad8-a4b5-3c8b37c13853,Import,"31/08/2023 12:00:00 am"
Valency.Models.Console.UnderWriting.uwAmendmentList,6b2e35be-fdde-4ba0-ab95-97d85ad1a278,0,REFUND,03/A/01/00073/09/23,93434ea8-156e-4ad8-a4b5-3c8b37c13853,Import,"04/09/2023 12:00:00 am"
Valency.Models.Console.UnderWriting.uwAmendmentList,f8d71914-3390-47d8-97fe-cd8898c4d39e,0,ADDITION,03/A/01/00071/09/23,93434ea8-156e-4ad8-a4b5-3c8b37c13853,Import,"01/09/2023 12:00:00 am"
Valency.Models.Console.UnderWriting.uwAmendmentList,85bbc6e1-6397-4310-8140-4176b74009b2,0,GENERAL,03/A/01/00072/09/23,93434ea8-156e-4ad8-a4b5-3c8b37c13853,Import,"04/09/2023 12:00:00 am"
Valency.Models.Console.UnderWriting.uwAmendmentList,cb216c7c-e5aa-4a4e-bbe4-0c7ec3e2f009,0,GENERAL,03/A/01/00066/08/23,93434ea8-156e-4ad8-a4b5-3c8b37c13853,Import,"24/08/2023 12:00:00 am"
Valency.Models.Console.UnderWriting.uwAmendmentList,dab81bee-8cb7-41f6-9096-bbff586e7797,0,GENERAL,03/A/01/00065/08/23,93434ea8-156e-4ad8-a4b5-3c8b37c13853,Import,"23/08/2023 12:00:00 am"
Valency.Models.Console.UnderWriting.uwAmendmentList,83a6eed2-2588-4397-a7fd-b69c7e9c1778,0,ADDITION,03/A/01/00063/08/23,93434ea8-156e-4ad8-a4b5-3c8b37c13853,Import,"21/08/2023 12:00:00 am"
Valency.Models.Console.UnderWriting.uwAmendmentList,f29c79b2-6869-4024-95c8-0bc94901ec77,0,GENERAL,03/A/01/00064/08/23,93434ea8-156e-4ad8-a4b5-3c8b37c13853,Import,"21/08/2023 12:00:00 am"
Valency.Models.Console.UnderWriting.uwAmendmentList,63caa342-6765-462b-bb7a-ed7b5046347b,0,ADDITION,20/A/01/00034/08/23,6624597f-5836-4f92-8c7e-0345c3c515e9,Import,"25/08/2023 12:00:00 am"
Valency.Models.Console.UnderWriting.uwAmendmentList,acb0b475-ac97-4ded-bb51-09aa4f33f797,0,GENERAL,03/A/01/00067/08/23,93434ea8-156e-4ad8-a4b5-3c8b37c13853,Export,"25/08/2023 12:00:00 am"
Valency.Models.Console.UnderWriting.uwAmendmentList,ec1175a8-bd0c-4d4c-bc67-eb2349a70cd4,0,GENERAL,02/A/01/00042/07/23,01c58bea-0d3c-4c04-8b14-df867e9d4b6a,Import,"26/07/2023 12:00:00 am"
Valency.Models.Console.UnderWriting.uwAmendmentList,58ed76d3-a8de-48dc-8c49-60d72664086f,0,ADDITION,02/A/01/00043/07/23,01c58bea-0d3c-4c04-8b14-df867e9d4b6a,Import,"27/07/2023 12:00:00 am"
Valency.Models.Console.UnderWriting.uwAmendmentList,62719974-2ab3-49ae-a565-6d04dbdc8b34,0,GENERAL,02/A/01/00044/08/23,01c58bea-0d3c-4c04-8b14-df867e9d4b6a,Import,"01/08/2023 12:00:00 am"
Valency.Models.Console.UnderWriting.uwAmendmentList,269b4d8b-0816-4e75-b9ac-28e94fbf90b2,0,ADDITION,02/A/01/00045/08/23,01c58bea-0d3c-4c04-8b14-df867e9d4b6a,Import,"04/08/2023 12:00:00 am"
Valency.Models.Console.UnderWriting.uwAmendmentList,d20a92e7-b0d2-468e-8d49-b145004f483f,0,GENERAL,02/A/01/00046/08/23,01c58bea-0d3c-4c04-8b14-df867e9d4b6a,Import,"09/08/2023 12:00:00 am"
Valency.Models.Console.UnderWriting.uwAmendmentList,01983dd7-23e6-4a3d-883c-2ea2dafcd12b,0,GENERAL,02/A/01/00047/08/23,01c58bea-0d3c-4c04-8b14-df867e9d4b6a,Import,"10/08/2023 12:00:00 am"
Valency.Models.Console.UnderWriting.uwAmendmentList,430865fd-733b-4c4c-82c4-d8f6ca4930d5,0,GENERAL,02/A/01/00048/08/23,01c58bea-0d3c-4c04-8b14-df867e9d4b6a,Import,"11/08/2023 12:00:00 am"
Valency.Models.Console.UnderWriting.uwAmendmentList,7ef9fce7-8438-4ee3-8415-67bc479c2939,0,ADDITION,02/A/01/00049/08/23,01c58bea-0d3c-4c04-8b14-df867e9d4b6a,Import,"17/08/2023 12:00:00 am"
Valency.Models.Console.UnderWriting.uwAmendmentList,b6c0abc8-454d-4726-9f86-5e9017c4b51c,0,ADDITION,03/A/01/00019/03/23,93434ea8-156e-4ad8-a4b5-3c8b37c13853,Import,"14/03/2023 12:00:00 am"
Valency.Models.Console.UnderWriting.uwAmendmentList,dd6838a0-dfd4-42cc-9901-609bb976e31a,0,GENERAL,03/A/01/00059/08/23,93434ea8-156e-4ad8-a4b5-3c8b37c13853,"In Land","10/08/2023 12:00:00 am"
Valency.Models.Console.UnderWriting.uwAmendmentList,e292672a-c8e0-4827-a89b-892c23662ee1,0,GENERAL,03/A/01/00052/07/23,93434ea8-156e-4ad8-a4b5-3c8b37c13853,Import,"26/07/2023 12:00:00 am"
Valency.Models.Console.UnderWriting.uwAmendmentList,b67e7413-0661-45b3-bd7c-0a387adaa182,0,GENERAL,03/A/01/00053/07/23,93434ea8-156e-4ad8-a4b5-3c8b37c13853,Import,"27/07/2023 12:00:00 am"
Valency.Models.Console.UnderWriting.uwAmendmentList,d8f6a258-9b4c-4c8f-8b20-f4455bcb3d70,0,GENERAL,03/A/01/00054/08/23,93434ea8-156e-4ad8-a4b5-3c8b37c13853,Import,"02/08/2023 12:00:00 am"
Valency.Models.Console.UnderWriting.uwAmendmentList,cbb31903-3a85-43ff-834d-b2ffe5724b3b,0,GENERAL,03/A/01/00055/08/23,93434ea8-156e-4ad8-a4b5-3c8b37c13853,Import,"03/08/2023 12:00:00 am"
Valency.Models.Console.UnderWriting.uwAmendmentList,5e51b554-b8aa-4bf9-8943-dc883dd0bde3,0,GENERAL,03/A/01/00057/08/23,93434ea8-156e-4ad8-a4b5-3c8b37c13853,Import,"04/08/2023 12:00:00 am"
Valency.Models.Console.UnderWriting.uwAmendmentList,0827759b-ad02-454d-ac4f-79a483225a3a,0,GENERAL,03/A/01/00058/08/23,93434ea8-156e-4ad8-a4b5-3c8b37c13853,Import,"10/08/2023 12:00:00 am"
Valency.Models.Console.UnderWriting.uwAmendmentList,81bd4add-73d4-43dc-94c4-03814db02126,0,GENERAL,03/A/01/00061/08/23,93434ea8-156e-4ad8-a4b5-3c8b37c13853,Import,"15/08/2023 12:00:00 am"
Valency.Models.Console.UnderWriting.uwAmendmentList,ac60763a-3af6-4aed-a300-22e8b8fd895c,0,GENERAL,03/A/01/00060/08/23,93434ea8-156e-4ad8-a4b5-3c8b37c13853,Import,"15/08/2023 12:00:00 am"
Valency.Models.Console.UnderWriting.uwAmendmentList,572f29e9-67cb-46a8-9917-2a3df8fa5d68,0,ADDITION,03/A/01/00062/08/23,93434ea8-156e-4ad8-a4b5-3c8b37c13853,Import,"17/08/2023 12:00:00 am"
Valency.Models.Console.UnderWriting.uwAmendmentList,0e2234cd-7d27-47b8-8fda-b7c36eb2225d,0,REVISED,01/A/01/00025/07/23,0c1a4a9d-438b-4960-9d8e-711e6020d29f,"Import - Group","05/07/2023 12:00:00 am"
Valency.Models.Console.UnderWriting.uwAmendmentList,94aee933-fbea-47f9-80fb-f830b980e939,0,GENERAL,01/A/01/00027/07/23,0c1a4a9d-438b-4960-9d8e-711e6020d29f,"Import - Group","18/07/2023 12:00:00 am"
Valency.Models.Console.UnderWriting.uwAmendmentList,f0cc02c7-093b-4470-bf48-93248435335a,0,GENERAL,01/A/01/00028/07/23,0c1a4a9d-438b-4960-9d8e-711e6020d29f,"Import - Group","27/07/2023 12:00:00 am"
Valency.Models.Console.UnderWriting.uwAmendmentList,9f178d52-5a33-4dbd-b625-79349188d16d,0,REFUND,01/A/01/00029/08/23,0c1a4a9d-438b-4960-9d8e-711e6020d29f,"Import - Group","07/08/2023 12:00:00 am"
Valency.Models.Console.UnderWriting.uwAmendmentList,c4bc4d20-dd7d-485d-b459-6658f019f4d3,0,GENERAL,21/A/01/00006/08/23,21ac3f25-74e5-458e-a354-de39aac74aa6,Import,"09/08/2023 12:00:00 am"
Valency.Models.Console.UnderWriting.uwAmendmentList,8ae0c39b-bb02-4a6d-9b4f-d68823d0f6d7,0,GENERAL,21/A/01/00007/08/23,21ac3f25-74e5-458e-a354-de39aac74aa6,Import,"09/08/2023 12:00:00 am"
Valency.Models.Console.UnderWriting.uwAmendmentList,6bc4dc00-c3ad-40b7-8676-4370c1e625b4,0,ADDITION,20/A/01/00032/08/23,6624597f-5836-4f92-8c7e-0345c3c515e9,Import,"02/08/2023 12:00:00 am"
Valency.Models.Console.UnderWriting.uwAmendmentList,19bca9dd-7e5a-49a6-88f5-a2113413c6ba,0,ADDITION,20/A/01/00031/08/23,6624597f-5836-4f92-8c7e-0345c3c515e9,Import,"02/08/2023 12:00:00 am"
Valency.Models.Console.UnderWriting.uwAmendmentList,7c6cab25-a855-4fd1-8b80-8452e1a981ff,0,GENERAL,02/A/01/00038/07/23,01c58bea-0d3c-4c04-8b14-df867e9d4b6a,Import,"11/07/2023 12:00:00 am"
Valency.Models.Console.UnderWriting.uwAmendmentList,7cb21ef9-92b2-4a47-ad11-9ad9e586110a,0,GENERAL,02/A/01/00039/07/23,01c58bea-0d3c-4c04-8b14-df867e9d4b6a,Import,"11/07/2023 12:00:00 am"
Valency.Models.Console.UnderWriting.uwAmendmentList,06dd288e-02da-4c76-97a6-c12888f892cf,0,GENERAL,02/A/01/00040/07/23,01c58bea-0d3c-4c04-8b14-df867e9d4b6a,Import,"13/07/2023 12:00:00 am"
Valency.Models.Console.UnderWriting.uwAmendmentList,3b9256ae-187e-4c2f-9e89-51df1bb40098,0,GENERAL,02/A/01/00041/07/23,01c58bea-0d3c-4c04-8b14-df867e9d4b6a,Import,"17/07/2023 12:00:00 am"
Valency.Models.Console.UnderWriting.uwAmendmentList,153b513e-bb07-47b1-b935-e1655a42def9,0,REFUND,20/A/01/00030/07/23,6624597f-5836-4f92-8c7e-0345c3c515e9,Import,"21/07/2023 12:00:00 am"
Valency.Models.Console.UnderWriting.uwAmendmentList,2a6e892f-3e2f-4cb9-843b-50ad09b9365c,0,ADDITION,20/A/01/00013/06/23,6624597f-5836-4f92-8c7e-0345c3c515e9,Import,"07/06/2023 12:00:00 am"
Valency.Models.Console.UnderWriting.uwAmendmentList,adeb6104-e913-4fb1-aac2-46f846c33cd5,0,REFUND,20/A/01/00014/06/23,6624597f-5836-4f92-8c7e-0345c3c515e9,Import,"19/06/2023 12:00:00 am"
Valency.Models.Console.UnderWriting.uwAmendmentList,86770ba0-bb67-4b6d-9f45-4ab23c94ee79,0,REFUND,20/A/01/00015/06/23,6624597f-5836-4f92-8c7e-0345c3c515e9,Import,"19/06/2023 12:00:00 am"
Valency.Models.Console.UnderWriting.uwAmendmentList,cdba134b-79e7-4fc3-8839-e9efaa4bfd36,0,REFUND,20/A/01/00016/06/23,6624597f-5836-4f92-8c7e-0345c3c515e9,Import,"19/06/2023 12:00:00 am"
Valency.Models.Console.UnderWriting.uwAmendmentList,523b6289-251a-4bed-a17e-883d434780cd,0,REFUND,20/A/01/00017/06/23,6624597f-5836-4f92-8c7e-0345c3c515e9,Import,"19/06/2023 12:00:00 am"
Valency.Models.Console.UnderWriting.uwAmendmentList,58b6f31f-4e06-41ae-a077-d99c6b434234,0,REFUND,20/A/01/00018/06/23,6624597f-5836-4f92-8c7e-0345c3c515e9,Import,"19/06/2023 12:00:00 am"
Valency.Models.Console.UnderWriting.uwAmendmentList,87352c4b-1f3c-463c-b963-e7eb0aa75b11,0,REFUND,20/A/01/00019/06/23,6624597f-5836-4f92-8c7e-0345c3c515e9,Import,"19/06/2023 12:00:00 am"
Valency.Models.Console.UnderWriting.uwAmendmentList,1b6a920b-59ed-4c9a-b8f2-a463c2167466,0,REFUND,20/A/01/00020/06/23,6624597f-5836-4f92-8c7e-0345c3c515e9,Import,"19/06/2023 12:00:00 am"
Valency.Models.Console.UnderWriting.uwAmendmentList,fed1da2d-62bd-4d4e-bded-900f261dcc3f,0,REFUND,20/A/01/00021/06/23,6624597f-5836-4f92-8c7e-0345c3c515e9,Import,"19/06/2023 12:00:00 am"
Valency.Models.Console.UnderWriting.uwAmendmentList,1982ca20-e54b-4a77-b72c-99d463b67abe,0,REFUND,20/A/01/00022/06/23,6624597f-5836-4f92-8c7e-0345c3c515e9,Import,"19/06/2023 12:00:00 am"
Valency.Models.Console.UnderWriting.uwAmendmentList,36ff3d5c-c1f0-4389-addd-b5223ddbdc2f,0,REFUND,20/A/01/00024/07/23,6624597f-5836-4f92-8c7e-0345c3c515e9,Import,"05/07/2023 12:00:00 am"
Valency.Models.Console.UnderWriting.uwAmendmentList,480785e2-d457-4310-a188-70137786a380,0,REFUND,20/A/01/00023/07/23,6624597f-5836-4f92-8c7e-0345c3c515e9,Import,"05/07/2023 12:00:00 am"
Valency.Models.Console.UnderWriting.uwAmendmentList,31c90749-d5e2-45cb-8624-056ebd76c539,0,REFUND,20/A/01/00026/07/23,6624597f-5836-4f92-8c7e-0345c3c515e9,Import,"20/07/2023 12:00:00 am"
Valency.Models.Console.UnderWriting.uwAmendmentList,c9425094-ed07-4eb1-8f3b-2e7bc26007ae,0,REFUND,20/A/01/00028/07/23,6624597f-5836-4f92-8c7e-0345c3c515e9,Import,"20/07/2023 12:00:00 am"
Valency.Models.Console.UnderWriting.uwAmendmentList,7b50cd44-7846-4a9a-99a4-a1c1c3c169d7,0,REVISED,20/A/01/00027/07/23,6624597f-5836-4f92-8c7e-0345c3c515e9,Import,"20/07/2023 12:00:00 am"
Valency.Models.Console.UnderWriting.uwAmendmentList,e0fe41a3-e81a-4e5d-ae61-86b04bed8fe7,0,REFUND,20/A/01/00025/07/23,6624597f-5836-4f92-8c7e-0345c3c515e9,Import,"20/07/2023 12:00:00 am"
Valency.Models.Console.UnderWriting.uwAmendmentList,9347e704-daa2-47c2-a047-3843e4047f42,0,REFUND,22/A/01/00024/07/23,52411634-c3e6-42b6-8769-e453a0f70850,Import,"13/07/2023 12:00:00 am"
Valency.Models.Console.UnderWriting.uwAmendmentList,c74cee0e-5284-485c-95a8-8eb9e6c9aa44,0,GENERAL,03/A/01/00039/04/23,93434ea8-156e-4ad8-a4b5-3c8b37c13853,Import,"07/04/2023 12:00:00 am"
Valency.Models.Console.UnderWriting.uwAmendmentList,48ca71ce-8be4-49a5-91e6-b41fb632de89,0,GENERAL,03/A/01/00041/05/23,93434ea8-156e-4ad8-a4b5-3c8b37c13853,Import,"26/05/2023 12:00:00 am"
Valency.Models.Console.UnderWriting.uwAmendmentList,7711527d-fa12-4e94-86e0-8f039a1cf75a,0,GENERAL,03/A/01/00042/06/23,93434ea8-156e-4ad8-a4b5-3c8b37c13853,Import,"02/06/2023 12:00:00 am"
Valency.Models.Console.UnderWriting.uwAmendmentList,22916204-966a-4fc2-be06-b41f0f732ea1,0,GENERAL,03/A/01/00043/06/23,93434ea8-156e-4ad8-a4b5-3c8b37c13853,Import,"05/06/2023 12:00:00 am"
Valency.Models.Console.UnderWriting.uwAmendmentList,713a48f4-9fb0-427a-8a51-e2588f8f9c70,0,GENERAL,03/A/01/00051/07/23,93434ea8-156e-4ad8-a4b5-3c8b37c13853,Import,"12/07/2023 12:00:00 am"
Valency.Models.Console.UnderWriting.uwAmendmentList,27dad2d9-ded0-48ac-b091-345e42307534,0,GENERAL,03/A/01/00050/07/23,93434ea8-156e-4ad8-a4b5-3c8b37c13853,"In Land","03/07/2023 12:00:00 am"
Valency.Models.Console.UnderWriting.uwAmendmentList,9134c4d9-389c-4094-8e2f-c15ae16b60a6,0,GENERAL,03/A/01/00048/06/23,93434ea8-156e-4ad8-a4b5-3c8b37c13853,Import,"27/06/2023 12:00:00 am"
Valency.Models.Console.UnderWriting.uwAmendmentList,9f86c444-915b-44f2-ba99-b42c25a85794,0,GENERAL,03/A/01/00049/06/23,93434ea8-156e-4ad8-a4b5-3c8b37c13853,Import,"27/06/2023 12:00:00 am"
Valency.Models.Console.UnderWriting.uwAmendmentList,14801fe3-2503-4182-a86f-5e0d17304625,0,GENERAL,03/A/01/00047/06/23,93434ea8-156e-4ad8-a4b5-3c8b37c13853,Import,"23/06/2023 12:00:00 am"
Valency.Models.Console.UnderWriting.uwAmendmentList,07ad5416-2afa-4df7-b3ca-eb76cb32493e,0,ADDITION,03/A/01/00046/06/23,93434ea8-156e-4ad8-a4b5-3c8b37c13853,Import,"16/06/2023 12:00:00 am"
Valency.Models.Console.UnderWriting.uwAmendmentList,d4b39eee-f7eb-460a-b2e8-b394dd499ad2,0,GENERAL,03/A/01/00045/06/23,93434ea8-156e-4ad8-a4b5-3c8b37c13853,Import,"15/06/2023 12:00:00 am"
Valency.Models.Console.UnderWriting.uwAmendmentList,31529b4e-ad2d-497c-9fa7-bd52277dadb9,0,ADDITION,03/A/01/00044/06/23,93434ea8-156e-4ad8-a4b5-3c8b37c13853,Import,"12/06/2023 12:00:00 am"
Valency.Models.Console.UnderWriting.uwAmendmentList,620ea457-d62a-4499-b078-3373a9b2d17c,0,ADDITION,02/A/01/00036/07/23,01c58bea-0d3c-4c04-8b14-df867e9d4b6a,Import,"10/07/2023 12:00:00 am"
Valency.Models.Console.UnderWriting.uwAmendmentList,08bfd0c7-fc78-43f7-bed6-99237dd938ec,0,REVISED,02/A/01/00037/07/23,01c58bea-0d3c-4c04-8b14-df867e9d4b6a,Import,"10/07/2023 12:00:00 am"
Valency.Models.Console.UnderWriting.uwAmendmentList,4ae04274-9328-40a7-9e31-cb92cc7ce3e3,0,ADDITION,20/A/01/00012/04/23,6624597f-5836-4f92-8c7e-0345c3c515e9,Import,"27/04/2023 12:00:00 am"
Valency.Models.Console.UnderWriting.uwAmendmentList,9d8fc241-9322-4b53-8a92-0acac5931a18,0,ADDITION,16/A/01/00002/02/23,2429ead8-d406-4e4f-b573-b466200399e1,Import,"06/02/2023 12:00:00 am"
Valency.Models.Console.UnderWriting.uwAmendmentList,b23445ed-f760-49ae-80ba-112840fc599f,0,ADDITION,01/A/01/00023/05/23,0c1a4a9d-438b-4960-9d8e-711e6020d29f,"Import - Group","24/05/2023 12:00:00 am"
Valency.Models.Console.UnderWriting.uwAmendmentList,9a765ef6-7d62-4b8f-a5ff-e252af06f3b9,0,GENERAL,01/A/01/00022/05/23,0c1a4a9d-438b-4960-9d8e-711e6020d29f,"Import - Group","22/05/2023 12:00:00 am"
Valency.Models.Console.UnderWriting.uwAmendmentList,2a325d32-0961-45bf-9396-0a32b5bf0618,0,GENERAL,02/A/01/00034/06/23,01c58bea-0d3c-4c04-8b14-df867e9d4b6a,Import,"01/06/2023 12:00:00 am"
Valency.Models.Console.UnderWriting.uwAmendmentList,564d0959-17a2-4a30-87bd-0f684e3cf086,0,GENERAL,02/A/01/00035/06/23,01c58bea-0d3c-4c04-8b14-df867e9d4b6a,Import,"08/06/2023 12:00:00 am"
Valency.Models.Console.UnderWriting.uwAmendmentList,a6285827-bce9-471b-847c-8fd5a4c67423,0,ADDITION,01/A/01/00024/05/23,0c1a4a9d-438b-4960-9d8e-711e6020d29f,Import,"30/05/2023 12:00:00 am"
Valency.Models.Console.UnderWriting.uwAmendmentList,fd127a40-dc70-4ac6-a2dc-f2b5b96e6a40,0,REFUND,22/A/01/00013/05/23,52411634-c3e6-42b6-8769-e453a0f70850,Import,"22/05/2023 12:00:00 am"
Valency.Models.Console.UnderWriting.uwAmendmentList,a58c9bdc-7d21-47b1-af87-93d756b39c3c,0,REFUND,22/A/01/00012/05/23,52411634-c3e6-42b6-8769-e453a0f70850,Import,"22/05/2023 12:00:00 am"
Valency.Models.Console.UnderWriting.uwAmendmentList,6d192fac-20e4-4d62-8cec-ef3afab9b064,0,REFUND,22/A/01/00008/03/23,52411634-c3e6-42b6-8769-e453a0f70850,Import,"06/03/2023 12:00:00 am"
Valency.Models.Console.UnderWriting.uwAmendmentList,a1a916ae-50bc-4e36-a9c3-4d1af215af16,0,ADDITION,22/A/01/00009/03/23,52411634-c3e6-42b6-8769-e453a0f70850,Import,"10/03/2023 12:00:00 am"
Valency.Models.Console.UnderWriting.uwAmendmentList,69fa8706-8db9-4e6f-b7aa-57841cb992e8,0,REFUND,22/A/01/00010/05/23,52411634-c3e6-42b6-8769-e453a0f70850,Import,"15/05/2023 12:00:00 am"
Valency.Models.Console.UnderWriting.uwAmendmentList,8664965f-fa5a-44b2-9e2d-f6a1d0988848,0,REFUND,22/A/01/00011/05/23,52411634-c3e6-42b6-8769-e453a0f70850,Import,"22/05/2023 12:00:00 am"
Valency.Models.Console.UnderWriting.uwAmendmentList,9eb55513-b5bc-48ef-8a8b-feda6f191ee7,0,ADDITION,22/A/01/00022/05/23,52411634-c3e6-42b6-8769-e453a0f70850,Import,"25/05/2023 12:00:00 am"
Valency.Models.Console.UnderWriting.uwAmendmentList,f4f1030d-cbfc-4a27-b3aa-8cb5f69e365d,0,ADDITION,22/A/01/00021/05/23,52411634-c3e6-42b6-8769-e453a0f70850,Import,"25/05/2023 12:00:00 am"
Valency.Models.Console.UnderWriting.uwAmendmentList,26dc1b31-1cc0-4fa8-ae92-754cdb9c5477,0,ADDITION,02/A/01/00005/02/23,01c58bea-0d3c-4c04-8b14-df867e9d4b6a,"In Land","07/02/2023 12:00:00 am"
Valency.Models.Console.UnderWriting.uwAmendmentList,1aaf4401-4d05-4a0a-83d6-a400c0d86466,0,ADDITION,02/A/01/00008/03/23,01c58bea-0d3c-4c04-8b14-df867e9d4b6a,Import,"14/03/2023 12:00:00 am"
Valency.Models.Console.UnderWriting.uwAmendmentList,51318b55-bb83-49db-8e08-6e6470839e6c,0,ADDITION,02/A/01/00012/03/23,01c58bea-0d3c-4c04-8b14-df867e9d4b6a,Import,"15/03/2023 12:00:00 am"
Valency.Models.Console.UnderWriting.uwAmendmentList,82d2bd0c-c1ac-4931-94f4-678d7659e322,0,GENERAL,02/A/01/00014/03/23,01c58bea-0d3c-4c04-8b14-df867e9d4b6a,Import,"22/03/2023 12:00:00 am"
Valency.Models.Console.UnderWriting.uwAmendmentList,5ea335f0-02cc-4623-8067-ece13a436ccd,0,GENERAL,02/A/01/00019/04/23,01c58bea-0d3c-4c04-8b14-df867e9d4b6a,Import,"05/04/2023 12:00:00 am"
Valency.Models.Console.UnderWriting.uwAmendmentList,3a7f6b71-3260-439e-9f2e-7db34e40485c,0,GENERAL,02/A/01/00021/04/23,01c58bea-0d3c-4c04-8b14-df867e9d4b6a,"In Land","13/04/2023 12:00:00 am"
Valency.Models.Console.UnderWriting.uwAmendmentList,82ca603e-e8a1-4a6a-b3fb-d2673214bd0e,0,ADDITION,02/A/01/00024/04/23,01c58bea-0d3c-4c04-8b14-df867e9d4b6a,Import,"18/04/2023 12:00:00 am"
Valency.Models.Console.UnderWriting.uwAmendmentList,0c3d1b38-abfe-4b98-abd1-99820f242595,0,ADDITION,02/A/01/00022/04/23,01c58bea-0d3c-4c04-8b14-df867e9d4b6a,Import,"14/04/2023 12:00:00 am"
Valency.Models.Console.UnderWriting.uwAmendmentList,840c1992-c725-4525-9707-2bbe4cabbcda,0,ADDITION,02/A/01/00023/04/23,01c58bea-0d3c-4c04-8b14-df867e9d4b6a,Import,"18/04/2023 12:00:00 am"
Valency.Models.Console.UnderWriting.uwAmendmentList,7e4ab930-f55c-4400-94cb-294219e1c61d,0,ADDITION,02/A/01/00027/05/23,01c58bea-0d3c-4c04-8b14-df867e9d4b6a,Import,"05/05/2023 12:00:00 am"
Valency.Models.Console.UnderWriting.uwAmendmentList,d5505ed8-0da3-40c3-91a1-36b9e32e9e17,0,ADDITION,02/A/01/00030/05/23,01c58bea-0d3c-4c04-8b14-df867e9d4b6a,Import,"11/05/2023 12:00:00 am"
Valency.Models.Console.UnderWriting.uwAmendmentList,6717d1ba-83a1-42a8-bf04-33e7c641e29f,0,ADDITION,02/A/01/00032/05/23,01c58bea-0d3c-4c04-8b14-df867e9d4b6a,Import,"18/05/2023 12:00:00 am"
Valency.Models.Console.UnderWriting.uwAmendmentList,3a838166-be9b-4c08-801a-4ba6831f6d98,0,ADDITION,02/A/01/00033/05/23,01c58bea-0d3c-4c04-8b14-df867e9d4b6a,Import,"25/05/2023 12:00:00 am"
Valency.Models.Console.UnderWriting.uwAmendmentList,240ddc91-3dfb-4e5e-b1a0-0c56c333484d,0,ADDITION,02/A/01/00028/05/23,01c58bea-0d3c-4c04-8b14-df867e9d4b6a,Import,"08/05/2023 12:00:00 am"
Valency.Models.Console.UnderWriting.uwAmendmentList,bbd3083c-9837-45e7-98d2-11724ddb8884,0,REVISED,02/A/01/00031/05/23,01c58bea-0d3c-4c04-8b14-df867e9d4b6a,Import,"12/05/2023 12:00:00 am"
Valency.Models.Console.UnderWriting.uwAmendmentList,3cca23ca-5761-47c6-b2c5-1b8de8a92e53,0,REFUND,22/A/01/00020/05/23,52411634-c3e6-42b6-8769-e453a0f70850,Import,"22/05/2023 12:00:00 am"
Valency.Models.Console.UnderWriting.uwAmendmentList,69d5f946-1308-45f5-9b73-a269227e19ab,0,REFUND,22/A/01/00019/05/23,52411634-c3e6-42b6-8769-e453a0f70850,Import,"22/05/2023 12:00:00 am"
Valency.Models.Console.UnderWriting.uwAmendmentList,4bfd6be5-bce0-493b-9a06-b216eb404f20,0,REFUND,22/A/01/00018/05/23,52411634-c3e6-42b6-8769-e453a0f70850,Import,"22/05/2023 12:00:00 am"
Valency.Models.Console.UnderWriting.uwAmendmentList,2a334dc7-f9c5-4e07-8179-f64ae62ec90d,0,REFUND,22/A/01/00017/05/23,52411634-c3e6-42b6-8769-e453a0f70850,Import,"22/05/2023 12:00:00 am"
Valency.Models.Console.UnderWriting.uwAmendmentList,afc233af-e7a1-46a2-ba3a-0e0e69cb7c5b,0,REFUND,22/A/01/00016/05/23,52411634-c3e6-42b6-8769-e453a0f70850,Import,"22/05/2023 12:00:00 am"
Valency.Models.Console.UnderWriting.uwAmendmentList,285ab467-2ccc-440e-a018-39edce993c59,0,REVISED,22/A/01/00015/05/23,52411634-c3e6-42b6-8769-e453a0f70850,Import,"22/05/2023 12:00:00 am"
Valency.Models.Console.UnderWriting.uwAmendmentList,2fc57365-6f13-4c0a-9638-f3b776d5dd0c,0,REVISED,02/A/01/00029/05/23,01c58bea-0d3c-4c04-8b14-df867e9d4b6a,Import,"11/05/2023 12:00:00 am"
Valency.Models.Console.UnderWriting.uwAmendmentList,b8987c2b-df45-4072-ad98-37d1ed2e04a9,0,GENERAL,02/A/01/00025/04/23,01c58bea-0d3c-4c04-8b14-df867e9d4b6a,"In Land","27/04/2023 12:00:00 am"
Valency.Models.Console.UnderWriting.uwAmendmentList,33763b95-39b3-4584-b250-fd82ba6ad657,0,ADDITION,02/A/01/00020/04/23,01c58bea-0d3c-4c04-8b14-df867e9d4b6a,Import,"05/04/2023 12:00:00 am"
Valency.Models.Console.UnderWriting.uwAmendmentList,1b4d7a0f-4538-4629-995e-3f328774b191,0,ADDITION,01/A/01/00021/04/23,0c1a4a9d-438b-4960-9d8e-711e6020d29f,"Import - Group","17/04/2023 12:00:00 am"
Valency.Models.Console.UnderWriting.uwAmendmentList,936981ff-bc4d-41f2-942e-323796b5d778,0,REVISED,21/A/01/00005/05/23,21ac3f25-74e5-458e-a354-de39aac74aa6,Export,"12/05/2023 12:00:00 am"
Valency.Models.Console.UnderWriting.uwAmendmentList,c6d995bd-6799-4573-8b23-f2a4fadb8a35,0,ADDITION,21/A/01/00002/02/23,21ac3f25-74e5-458e-a354-de39aac74aa6,Import,"06/02/2023 12:00:00 am"
Valency.Models.Console.UnderWriting.uwAmendmentList,f818ece9-8e51-4cbb-8824-dcf2615125c8,0,GENERAL,16/A/01/00004/05/23,2429ead8-d406-4e4f-b573-b466200399e1,Import,"05/05/2023 12:00:00 am"
Valency.Models.Console.UnderWriting.uwAmendmentList,86eca801-33bc-4b9a-86c5-2c6a4f66a9b3,0,ADDITION,02/A/01/00026/04/23,01c58bea-0d3c-4c04-8b14-df867e9d4b6a,Import,"28/04/2023 12:00:00 am"
Valency.Models.Console.UnderWriting.uwAmendmentList,6ddf6cf2-e75e-49e6-a1cd-6506b31465bf,0,ADDITION,02/A/01/00007/02/23,01c58bea-0d3c-4c04-8b14-df867e9d4b6a,Import,"16/02/2023 12:00:00 am"
Valency.Models.Console.UnderWriting.uwAmendmentList,f1ee447a-f93f-45f6-ac3d-33b59f291574,0,ADDITION,02/A/01/00018/04/23,01c58bea-0d3c-4c04-8b14-df867e9d4b6a,Import,"05/04/2023 12:00:00 am"
Valency.Models.Console.UnderWriting.uwAmendmentList,09466240-83ff-4339-94db-4ca9c23f14ce,0,ADDITION,02/A/01/00017/03/23,01c58bea-0d3c-4c04-8b14-df867e9d4b6a,Import,"30/03/2023 12:00:00 am"
Valency.Models.Console.UnderWriting.uwAmendmentList,d48471e8-0719-4df2-9385-6c7e0e8e41a6,0,ADDITION,02/A/01/00016/03/23,01c58bea-0d3c-4c04-8b14-df867e9d4b6a,Import,"30/03/2023 12:00:00 am"
Valency.Models.Console.UnderWriting.uwAmendmentList,2f7746ca-38ec-4229-92f5-368aa65bd862,0,ADDITION,02/A/01/00013/03/23,01c58bea-0d3c-4c04-8b14-df867e9d4b6a,Import,"21/03/2023 12:00:00 am"
Valency.Models.Console.UnderWriting.uwAmendmentList,03066e75-f3c4-4365-ad18-96ac7c5a3773,0,ADDITION,20/A/01/00002/01/23,6624597f-5836-4f92-8c7e-0345c3c515e9,Import,"12/01/2023 12:00:00 am"
Valency.Models.Console.UnderWriting.uwAmendmentList,4d1a459d-ecaa-45b3-a623-49b9be74609f,0,ADDITION,20/A/01/00001/01/23,6624597f-5836-4f92-8c7e-0345c3c515e9,Import,"12/01/2023 12:00:00 am"
Valency.Models.Console.UnderWriting.uwAmendmentList,de7d1466-06c4-4884-85c7-41ec7758167d,0,ADDITION,20/A/01/00004/01/23,6624597f-5836-4f92-8c7e-0345c3c515e9,Import,"12/01/2023 12:00:00 am"
Valency.Models.Console.UnderWriting.uwAmendmentList,e558e9a6-8603-471a-89e9-820949613e99,0,REVISED,06/A/01/00003/05/23,2e3d53a0-959d-493a-b91b-7273fe2bcb5a,Import,"02/05/2023 12:00:00 am"
Valency.Models.Console.UnderWriting.uwAmendmentList,0576db25-57bc-4500-b3b9-f21e27051fd5,0,ADDITION,21/A/01/00004/03/23,21ac3f25-74e5-458e-a354-de39aac74aa6,Import,"03/03/2023 12:00:00 am"
Valency.Models.Console.UnderWriting.uwAmendmentList,e4a43115-929b-4731-95ef-c6d4b82abf7e,0,ADDITION,02/A/01/00002/01/23,01c58bea-0d3c-4c04-8b14-df867e9d4b6a,Import,"04/01/2023 12:00:00 am"
Valency.Models.Console.UnderWriting.uwAmendmentList,d44ede47-f73e-4d7e-bc2d-486743435a8c,0,GENERAL,01/A/01/00014/03/23,0c1a4a9d-438b-4960-9d8e-711e6020d29f,"Import - Group","14/03/2023 12:00:00 am"
Valency.Models.Console.UnderWriting.uwAmendmentList,d3e3dc31-fc42-4604-9beb-bc7a3c24b133,0,GENERAL,01/A/01/00017/03/23,0c1a4a9d-438b-4960-9d8e-711e6020d29f,"Import - Group","14/03/2023 12:00:00 am"
Valency.Models.Console.UnderWriting.uwAmendmentList,f19a38a0-e8d4-4322-b8db-227152ba5f24,0,GENERAL,01/A/01/00015/03/23,0c1a4a9d-438b-4960-9d8e-711e6020d29f,"Import - Group","14/03/2023 12:00:00 am"
Valency.Models.Console.UnderWriting.uwAmendmentList,1331124e-ee6a-44d3-b9dc-b5ff861500cb,0,REVISED,01/A/01/00012/03/23,0c1a4a9d-438b-4960-9d8e-711e6020d29f,"Import - Group","14/03/2023 12:00:00 am"
Valency.Models.Console.UnderWriting.uwAmendmentList,1e0868a4-3137-47c1-af8e-a41bbbc5f214,0,GENERAL,01/A/01/00020/04/23,0c1a4a9d-438b-4960-9d8e-711e6020d29f,"Import - Group","05/04/2023 12:00:00 am"
Valency.Models.Console.UnderWriting.uwAmendmentList,a451d259-7fb5-437e-8e9d-cbcae15932d3,0,GENERAL,01/A/01/00019/03/23,0c1a4a9d-438b-4960-9d8e-711e6020d29f,"Import - Group","14/03/2023 12:00:00 am"
Valency.Models.Console.UnderWriting.uwAmendmentList,b51c1fc2-1840-49aa-905f-c15dbfce05d9,0,GENERAL,01/A/01/00018/03/23,0c1a4a9d-438b-4960-9d8e-711e6020d29f,"Import - Group","14/03/2023 12:00:00 am"
Valency.Models.Console.UnderWriting.uwAmendmentList,20984631-5848-4bae-8025-3ac023f370d5,0,GENERAL,01/A/01/00016/03/23,0c1a4a9d-438b-4960-9d8e-711e6020d29f,"Import - Group","14/03/2023 12:00:00 am"
Valency.Models.Console.UnderWriting.uwAmendmentList,1a5aae86-d2ef-4e67-8c7d-88c89a67ebe8,0,GENERAL,01/A/01/00013/03/23,0c1a4a9d-438b-4960-9d8e-711e6020d29f,"Import - Group","14/03/2023 12:00:00 am"
Valency.Models.Console.UnderWriting.uwAmendmentList,e3bfbf08-2b2f-4ddf-8805-c4e9ea124886,0,ADDITION,01/A/01/00011/03/23,0c1a4a9d-438b-4960-9d8e-711e6020d29f,"Import - Group","09/03/2023 12:00:00 am"
Valency.Models.Console.UnderWriting.uwAmendmentList,11c740ee-eedf-4bd1-94bd-bf6c681f3bc4,0,ADDITION,01/A/01/00010/02/23,0c1a4a9d-438b-4960-9d8e-711e6020d29f,"Import - Group","16/02/2023 12:00:00 am"
Valency.Models.Console.UnderWriting.uwAmendmentList,add8e14f-c76c-45eb-a7e4-11f8a93aa75c,0,GENERAL,01/A/01/00009/02/23,0c1a4a9d-438b-4960-9d8e-711e6020d29f,"Import - Group","08/02/2023 12:00:00 am"
Valency.Models.Console.UnderWriting.uwAmendmentList,300cffaa-4cad-4901-8720-41c8f8959cd2,0,ADDITION,01/A/01/00008/02/23,0c1a4a9d-438b-4960-9d8e-711e6020d29f,"Import - Group","03/02/2023 12:00:00 am"
Valency.Models.Console.UnderWriting.uwAmendmentList,a7cfd7ea-9a42-454b-9ebe-24afa691982e,0,ADDITION,01/A/01/00007/02/23,0c1a4a9d-438b-4960-9d8e-711e6020d29f,"Import - Group","02/02/2023 12:00:00 am"
Valency.Models.Console.UnderWriting.uwAmendmentList,fa843a65-76a0-4cb6-be44-5e283e1e127d,0,ADDITION,01/A/01/00004/01/23,0c1a4a9d-438b-4960-9d8e-711e6020d29f,"Import - Group","18/01/2023 12:00:00 am"
Valency.Models.Console.UnderWriting.uwAmendmentList,4036fcc1-7d1a-49e7-a87f-dba53b1c2065,0,GENERAL,01/A/01/00002/01/23,0c1a4a9d-438b-4960-9d8e-711e6020d29f,"Import - Group","05/01/2023 12:00:00 am"
Valency.Models.Console.UnderWriting.uwAmendmentList,f2f0e920-bfd1-487c-883a-dcd16ce4ec2f,0,GENERAL,01/A/01/00003/01/23,0c1a4a9d-438b-4960-9d8e-711e6020d29f,"Import - Group","05/01/2023 12:00:00 am"
Valency.Models.Console.UnderWriting.uwAmendmentList,1eaa3c02-ee69-4029-b99d-3e3afe4f98f7,0,GENERAL,03/A/01/00026/03/23,93434ea8-156e-4ad8-a4b5-3c8b37c13853,Import,"22/03/2023 12:00:00 am"
Valency.Models.Console.UnderWriting.uwAmendmentList,401e15e7-d258-4e70-97b3-d7b97d085ab8,0,ADDITION,03/A/01/00027/03/23,93434ea8-156e-4ad8-a4b5-3c8b37c13853,Import,"22/03/2023 12:00:00 am"
Valency.Models.Console.UnderWriting.uwAmendmentList,6bd7d746-26db-4a75-9fdb-233c88ddf12e,0,ADDITION,03/A/01/00040/04/23,93434ea8-156e-4ad8-a4b5-3c8b37c13853,Import,"12/04/2023 12:00:00 am"
Valency.Models.Console.UnderWriting.uwAmendmentList,3cefcc42-6c52-4cb3-9dec-5d8355a860db,0,ADDITION,20/A/01/00003/01/23,6624597f-5836-4f92-8c7e-0345c3c515e9,Import,"12/01/2023 12:00:00 am"
Valency.Models.Console.UnderWriting.uwAmendmentList,1b075b6e-3985-492d-9ade-9d327f63fa99,0,GENERAL,03/A/01/00038/04/23,93434ea8-156e-4ad8-a4b5-3c8b37c13853,Import,"04/04/2023 12:00:00 am"
Valency.Models.Console.UnderWriting.uwAmendmentList,dba3ff7d-0536-4a57-9960-5194b7ec9714,0,GENERAL,03/A/01/00037/04/23,93434ea8-156e-4ad8-a4b5-3c8b37c13853,Import,"04/04/2023 12:00:00 am"
Valency.Models.Console.UnderWriting.uwAmendmentList,727a0072-11d0-472c-8b71-bf62c4bba09a,0,GENERAL,03/A/01/00036/04/23,93434ea8-156e-4ad8-a4b5-3c8b37c13853,Import,"04/04/2023 12:00:00 am"
Valency.Models.Console.UnderWriting.uwAmendmentList,a2932705-860b-4195-b166-77cd38fbea66,0,GENERAL,03/A/01/00035/04/23,93434ea8-156e-4ad8-a4b5-3c8b37c13853,Import,"04/04/2023 12:00:00 am"
Valency.Models.Console.UnderWriting.uwAmendmentList,c3009a9c-34a9-453a-9019-d28614baca5b,0,GENERAL,03/A/01/00034/04/23,93434ea8-156e-4ad8-a4b5-3c8b37c13853,Import,"03/04/2023 12:00:00 am"
Valency.Models.Console.UnderWriting.uwAmendmentList,ba8e92c4-8eeb-40ed-87f4-19a0c693c0d2,0,REFUND,03/A/01/00022/03/23,93434ea8-156e-4ad8-a4b5-3c8b37c13853,Import,"15/03/2023 12:00:00 am"
Valency.Models.Console.UnderWriting.uwAmendmentList,2d8843a6-108f-4c04-ae3b-fe9e04be92e2,0,ADDITION,03/A/01/00008/02/23,93434ea8-156e-4ad8-a4b5-3c8b37c13853,Import,"27/02/2023 12:00:00 am"
Valency.Models.Console.UnderWriting.uwAmendmentList,f89b7597-a3dd-4220-ba99-a3479dd6e71b,0,ADDITION,03/A/01/00010/02/23,93434ea8-156e-4ad8-a4b5-3c8b37c13853,Import,"27/02/2023 12:00:00 am"
Valency.Models.Console.UnderWriting.uwAmendmentList,44d619f8-e32a-4292-a2f3-b3fc294ce9a3,0,GENERAL,02/A/01/00015/03/23,01c58bea-0d3c-4c04-8b14-df867e9d4b6a,Import,"29/03/2023 12:00:00 am"
Valency.Models.Console.UnderWriting.uwAmendmentList,936fbac3-d56a-492b-aeec-2629c64966cb,0,GENERAL,03/A/01/00029/03/23,93434ea8-156e-4ad8-a4b5-3c8b37c13853,Import,"29/03/2023 12:00:00 am"
Valency.Models.Console.UnderWriting.uwAmendmentList,14a7b705-934d-49fe-a208-6484e91533b2,0,GENERAL,03/A/01/00033/03/23,93434ea8-156e-4ad8-a4b5-3c8b37c13853,Import,"29/03/2023 12:00:00 am"
Valency.Models.Console.UnderWriting.uwAmendmentList,b606573c-14b5-4692-b833-ac40a10d4187,0,GENERAL,03/A/01/00032/03/23,93434ea8-156e-4ad8-a4b5-3c8b37c13853,Import,"29/03/2023 12:00:00 am"
Valency.Models.Console.UnderWriting.uwAmendmentList,49fa7eb9-20d6-4e9b-8cfe-c7ff042f3eb8,0,GENERAL,03/A/01/00030/03/23,93434ea8-156e-4ad8-a4b5-3c8b37c13853,Import,"29/03/2023 12:00:00 am"
Valency.Models.Console.UnderWriting.uwAmendmentList,303359f8-64d3-41dd-b08a-e4299bbe2157,0,GENERAL,03/A/01/00031/03/23,93434ea8-156e-4ad8-a4b5-3c8b37c13853,Import,"29/03/2023 12:00:00 am"
Valency.Models.Console.UnderWriting.uwAmendmentList,bdee3b7b-9f4e-49a4-bb40-246a72ebe776,0,ADDITION,03/A/01/00009/02/23,93434ea8-156e-4ad8-a4b5-3c8b37c13853,Import,"27/02/2023 12:00:00 am"
Valency.Models.Console.UnderWriting.uwAmendmentList,fcd089a1-e1eb-4ce6-9dc1-302135dd1d5e,0,GENERAL,03/A/01/00028/03/23,93434ea8-156e-4ad8-a4b5-3c8b37c13853,Import,"27/03/2023 12:00:00 am"
Valency.Models.Console.UnderWriting.uwAmendmentList,6579215f-4cfa-41af-84d3-1b1e0a0ca8ef,0,REVISED,02/A/01/00011/03/23,01c58bea-0d3c-4c04-8b14-df867e9d4b6a,Import,"15/03/2023 12:00:00 am"
Valency.Models.Console.UnderWriting.uwAmendmentList,b9dffd46-8ab8-4a7f-a3a4-1c4b9a6a021a,0,GENERAL,03/A/01/00025/03/23,93434ea8-156e-4ad8-a4b5-3c8b37c13853,Import,"20/03/2023 12:00:00 am"
